"","pattern","subject","score"
"leader","TAAACGAACTTT","TAAACGAACTTT","79"
"|orf1ab polyprotein [Severe acute respiratory syndrome coronavirus 2]","TAAACGA-ACTTT","TAAACATGACTTC","46"
"seafood market pneumonia virus|Strain Name:WIV07|Protein Name:spike glycoprotein|Gene Symbol:S","TAAACGAA--CTTT","TAAAGGTAGACTTA","37"
"|ORF3a protein [Severe acute respiratory syndrome coronavirus 2]","TAAACGAACTT","TAAACGAACTT","60"
"orf4, partial [SARS coronavirus CUHK-L2]","TAAACGAACTTT","TAATGGAACCAA","42"
"|envelope protein [Severe acute respiratory syndrome coronavirus 2]","TAAACGAACTTT","CTAGCGTGCCTT","47"
"|membrane glycoprotein [Severe acute respiratory syndrome coronavirus 2]","TAAACGAACTTT","TAAACGAACTAA","69"
"|ORF6 protein [Severe acute respiratory syndrome coronavirus 2]","TAAAC---GAACTTT","TAAACACAGACCATT","50"
"|ORF7a protein [Severe acute respiratory syndrome coronavirus 2]","TAAACGAAC","TAAACGAAC","46"
"|nonstructural protein NS7b [Severe acute respiratory syndrome coronavirus 2]","TAAACGAACTTT","TTCAAGAACTTT","54"
"|ORF8 protein [Severe acute respiratory syndrome coronavirus 2]","TAAACGAAC","TAAACGAAC","46"
"|nucleocapsid phosphoprotein [Severe acute respiratory syndrome coronavirus 2]","TAAACGAACTTT","TAAACGAACAAA","64"
"SARS coronavirus HKU3-1|Strain Name:HKU3-1|Protein Name:hypothetical protein orf9b|Gene Symbol:N","TAAACGAACTTT","TAAACGAACAAA","64"
"SARS CoV Rm1/2004|Strain Name:Rm1|Protein Name:ORF9b","TAAACGAACTTT","TGAGGGAGCCTT","42"
"|ORF10 protein [Severe acute respiratory syndrome coronavirus 2]","TAAACGAACTTT","TCTCCAAACAAT","44"
